n,Ybar1,Ybar2,S2_1,S2_2,S12
10,122.46610952456054,5.1849977189490914,7159.829021575588,519.9356950623555,33.286417149369214
