n,Ybar1,Ybar2,S2_1,S2_2,S12
10,5.942132411508071,7.120175218621993,709.7826569304619,507.5522868324082,342.5704873000116
