table,n,Ybar1,Ybar2,S2_1,S2_2,S12
Table 2.15,10,122.46610952456054,5.1849977189490914,7159.829021575588,519.9356950623555,33.286417149369214
Table 2.16,10,120.50309882180886,8.087888266532879,7831.583424308883,632.1514748382826,-18.718142753047164
Table 2.17,10,5.942132411508071,7.120175218621993,709.7826569304619,507.5522868324082,342.5704873000116
