n,Ybar1,Ybar2,S2_1,S2_2,S12
10,120.50309882180886,8.087888266532879,7831.583424308883,632.1514748382826,-18.718142753047164
