n,Ybar,S2,SD
10,122.221,7309.772159000002,85.49720556252117
