n,Ybar1,Ybar2,S2_1,S2_2,S12
10,5.288581869296304,7.598383503828065,602.1382352898762,519.1794933526007,310.8369088474893
