metric,value
Ybar1,121.14673095388991
Ybar2,5.802872506128451
Ybar3,7.528359683272299
S_Y1,81.99434219654827
S_Y2,24.57176752321548
S_Y3,23.09330418635208
Cov12,44.35112980368311
Cov13,-18.61686990630576
Cov23,305.0818493339196
Corr12,0.02201326205984197
Corr13,-0.009831882998502194
Corr23,0.5376428770254528
