n,Ybar1,Ybar2,S2_1,S2_2,S12
10,118.99596296864686,6.317163142960597,6483.206435844236,602.509959918445,47.78159115884861
