n,Ybar1,Ybar2,S2_1,S2_2,S12
10,123.29749893913295,7.458335862716536,7523.178043442792,536.1174966358965,31.23760498362025
