model,Y_at_118,Y_at_126
symbolic,73.8870549268562,76.97620756279326
lower-only,68.83195841338008,71.5594982483897
upper-only,80.84366719660838,83.39657304363189
